Virus Name,Target Group,PFS-adjacent allele,Guide Name,Guide Sequence
flaviviridae_tick_borne_encephalitis_virus,AG,A,guide_gPFS_group0_0,gauuuagacuaccccaaaaacgaaggggacuaaaacuccugugccuuugugucaacuuuaucuu
flaviviridae_tick_borne_encephalitis_virus,AG,C,guide_gPFS_group0_1,gauuuagacuaccccaaaaacgaaggggacuaaaacgccugugccuuugugucaacuuuaucuu
flaviviridae_tick_borne_encephalitis_virus,AG,G,guide_gPFS_group0_2,gauuuagacuaccccaaaaacgaaggggacuaaaaccccugugccuuugugucaacuuuaucuu
flaviviridae_tick_borne_encephalitis_virus,AG,T,guide_gPFS_group0_3,gauuuagacuaccccaaaaacgaaggggacuaaaacaccugugccuuugugucaacuuuaucuu
adenoviridae-human_mastadenovirus_d,CG,A,guide_gPFS_group1_0,gauuuagacuaccccaaaaacgaaggggacuaaaacuaggagccccagggugagucccacgcag
adenoviridae-human_mastadenovirus_d,CG,C,guide_gPFS_group1_1,gauuuagacuaccccaaaaacgaaggggacuaaaacgaggagccccagggugagucccacgcag
adenoviridae-human_mastadenovirus_d,CG,G,guide_gPFS_group1_2,gauuuagacuaccccaaaaacgaaggggacuaaaaccaggagccccagggugagucccacgcag
adenoviridae-human_mastadenovirus_d,CG,T,guide_gPFS_group1_3,gauuuagacuaccccaaaaacgaaggggacuaaaacaaggagccccagggugagucccacgcag
hepadnaviridae_hepatitis_b_virus,GG,A,guide_gPFS_group2_0,gauuuagacuaccccaaaaacgaaggggacuaaaacuaaauucuuuauaagggucgauguccau
hepadnaviridae_hepatitis_b_virus,GG,C,guide_gPFS_group2_1,gauuuagacuaccccaaaaacgaaggggacuaaaacgaaauucuuuauaagggucgauguccau
hepadnaviridae_hepatitis_b_virus,GG,G,guide_gPFS_group2_2,gauuuagacuaccccaaaaacgaaggggacuaaaaccaaauucuuuauaagggucgauguccau
hepadnaviridae_hepatitis_b_virus,GG,T,guide_gPFS_group2_3,gauuuagacuaccccaaaaacgaaggggacuaaaacaaaauucuuuauaagggucgauguccau
filoviridae_zaire_ebolavirus,TG,A,guide_gPFS_group3_0,gauuuagacuaccccaaaaacgaaggggacuaaaacuuacccucaguaucacuuagaaagacuu
filoviridae_zaire_ebolavirus,TG,C,guide_gPFS_group3_1,gauuuagacuaccccaaaaacgaaggggacuaaaacguacccucaguaucacuuagaaagacuu
filoviridae_zaire_ebolavirus,TG,G,guide_gPFS_group3_2,gauuuagacuaccccaaaaacgaaggggacuaaaaccuacccucaguaucacuuagaaagacuu
filoviridae_zaire_ebolavirus,TG,T,guide_gPFS_group3_3,gauuuagacuaccccaaaaacgaaggggacuaaaacauacccucaguaucacuuagaaagacuu