Virus Name,Target Group,PFS-adjacent allele,PFS allele,Target Name,Target Sequence
flaviviridae_tick_borne_encephalitis_virus,AG,A,G,target_gPFS_group0_0,gaaattaatacgactcactatagggcactataggggctctagcgacttctttaaatagtggcttaaaataactggcagtactggggcagctaccgcacggcaccaaccggctcggcggcgtcactgatcaatggggttgtgaaacttctcagctggccatggaacgcacgggaagatgtggtgcgcatggctatgactgacacaacggctttcggacagcagagagtgttcaaagataaagttgacacaaaggcacaggagactcagcccggtacaagagtcatcatgagagctgtaaatgattggattttggaacgactggcgcagaaaagcaaaccgcgcatgtgcagcagggaagaattcatagcaaaagtgaaatcaaatgcagccttgggagcttggtcagatgagcaaaacaga
flaviviridae_tick_borne_encephalitis_virus,AG,A,G,target_gPFS_group0_1,gaaattaatacgactcactatagggcactataggggctctagcgacttctttaaatagtggcttaaaataactggcagtactggggcagctaccgcacggcaccaaccggctcggcggcgtcactgatcaatggggttgtgaaacttctcagctggccatggaacgcacgggaagatgtggtgcgcatggctatgactgacacaacggctttcggacagcagagagtgttcaaagataaagttgacacaaaggcacaggagcctcagcccggtacaagagtcatcatgagagctgtaaatgattggattttggaacgactggcgcagaaaagcaaaccgcgcatgtgcagcagggaagaattcatagcaaaagtgaaatcaaatgcagccttgggagcttggtcagatgagcaaaacaga
flaviviridae_tick_borne_encephalitis_virus,AG,A,G,target_gPFS_group0_2,gaaattaatacgactcactatagggcactataggggctctagcgacttctttaaatagtggcttaaaataactggcagtactggggcagctaccgcacggcaccaaccggctcggcggcgtcactgatcaatggggttgtgaaacttctcagctggccatggaacgcacgggaagatgtggtgcgcatggctatgactgacacaacggctttcggacagcagagagtgttcaaagataaagttgacacaaaggcacaggaggctcagcccggtacaagagtcatcatgagagctgtaaatgattggattttggaacgactggcgcagaaaagcaaaccgcgcatgtgcagcagggaagaattcatagcaaaagtgaaatcaaatgcagccttgggagcttggtcagatgagcaaaacaga
flaviviridae_tick_borne_encephalitis_virus,AG,A,G,target_gPFS_group0_3,gaaattaatacgactcactatagggcactataggggctctagcgacttctttaaatagtggcttaaaataactggcagtactggggcagctaccgcacggcaccaaccggctcggcggcgtcactgatcaatggggttgtgaaacttctcagctggccatggaacgcacgggaagatgtggtgcgcatggctatgactgacacaacggctttcggacagcagagagtgttcaaagataaagttgacacaaaggcacaggagtctcagcccggtacaagagtcatcatgagagctgtaaatgattggattttggaacgactggcgcagaaaagcaaaccgcgcatgtgcagcagggaagaattcatagcaaaagtgaaatcaaatgcagccttgggagcttggtcagatgagcaaaacaga
flaviviridae_tick_borne_encephalitis_virus,AG,A,A,target_gPFS_group0_4,gaaattaatacgactcactatagggcactataggggctctagcgacttctttaaatagtggcttaaaataactggcagtactggggcagctaccgcacggcaccaaccggctcggcggcgtcactgatcaatggggttgtgaaacttctcagctggccatggaacgcacgggaagatgtggtgcgcatggctatgactgacacaacggctttcggacagcagagagtgttcaaagataaagttgacacaaaggcacaggaacctcagcccggtacaagagtcatcatgagagctgtaaatgattggattttggaacgactggcgcagaaaagcaaaccgcgcatgtgcagcagggaagaattcatagcaaaagtgaaatcaaatgcagccttgggagcttggtcagatgagcaaaacaga
flaviviridae_tick_borne_encephalitis_virus,AG,A,C,target_gPFS_group0_5,gaaattaatacgactcactatagggcactataggggctctagcgacttctttaaatagtggcttaaaataactggcagtactggggcagctaccgcacggcaccaaccggctcggcggcgtcactgatcaatggggttgtgaaacttctcagctggccatggaacgcacgggaagatgtggtgcgcatggctatgactgacacaacggctttcggacagcagagagtgttcaaagataaagttgacacaaaggcacaggaccctcagcccggtacaagagtcatcatgagagctgtaaatgattggattttggaacgactggcgcagaaaagcaaaccgcgcatgtgcagcagggaagaattcatagcaaaagtgaaatcaaatgcagccttgggagcttggtcagatgagcaaaacaga
flaviviridae_tick_borne_encephalitis_virus,AG,A,T,target_gPFS_group0_6,gaaattaatacgactcactatagggcactataggggctctagcgacttctttaaatagtggcttaaaataactggcagtactggggcagctaccgcacggcaccaaccggctcggcggcgtcactgatcaatggggttgtgaaacttctcagctggccatggaacgcacgggaagatgtggtgcgcatggctatgactgacacaacggctttcggacagcagagagtgttcaaagataaagttgacacaaaggcacaggatcctcagcccggtacaagagtcatcatgagagctgtaaatgattggattttggaacgactggcgcagaaaagcaaaccgcgcatgtgcagcagggaagaattcatagcaaaagtgaaatcaaatgcagccttgggagcttggtcagatgagcaaaacaga
adenoviridae-human_mastadenovirus_d,CG,C,G,target_gPFS_group1_0,gaaattaatacgactcactatagggcactataggggctctagcgacttctttaaatagtggcttaaaataacaaatcccgccggcgaaccgagcactcgtgctgatgcttgtaaaagcgtccgcagtactcgcagcgctgcacgggctgtacctcatccacgagatacacagcgcgtcccttgaggaggaacttcaggagtggcggccctggctggtggctttcatgttcgcctgcgtgggactcaccctggggctcctcgaggacggagaggctgacgagcccgcgcgggagccaggtccagatctcggcgcggcgggggcggagagcgaagacgagggcgcgcagttgggagctgtccatggtgtcgcggagatccaggtccgggggcagggttctgaggttgacctcgtagaggcgg
adenoviridae-human_mastadenovirus_d,CG,C,G,target_gPFS_group1_1,gaaattaatacgactcactatagggcactataggggctctagcgacttctttaaatagtggcttaaaataacaaatcccgccggcgaaccgagcactcgtgctgatgcttgtaaaagcgtccgcagtactcgcagcgctgcacgggctgtacctcatccacgagatacacagcgcgtcccttgaggaggaacttcaggagtggcggccctggctggtggctttcatgttcgcctgcgtgggactcaccctggggctcctcgcggacggagaggctgacgagcccgcgcgggagccaggtccagatctcggcgcggcgggggcggagagcgaagacgagggcgcgcagttgggagctgtccatggtgtcgcggagatccaggtccgggggcagggttctgaggttgacctcgtagaggcgg
adenoviridae-human_mastadenovirus_d,CG,C,G,target_gPFS_group1_2,gaaattaatacgactcactatagggcactataggggctctagcgacttctttaaatagtggcttaaaataacaaatcccgccggcgaaccgagcactcgtgctgatgcttgtaaaagcgtccgcagtactcgcagcgctgcacgggctgtacctcatccacgagatacacagcgcgtcccttgaggaggaacttcaggagtggcggccctggctggtggctttcatgttcgcctgcgtgggactcaccctggggctcctcggggacggagaggctgacgagcccgcgcgggagccaggtccagatctcggcgcggcgggggcggagagcgaagacgagggcgcgcagttgggagctgtccatggtgtcgcggagatccaggtccgggggcagggttctgaggttgacctcgtagaggcgg
adenoviridae-human_mastadenovirus_d,CG,C,G,target_gPFS_group1_3,gaaattaatacgactcactatagggcactataggggctctagcgacttctttaaatagtggcttaaaataacaaatcccgccggcgaaccgagcactcgtgctgatgcttgtaaaagcgtccgcagtactcgcagcgctgcacgggctgtacctcatccacgagatacacagcgcgtcccttgaggaggaacttcaggagtggcggccctggctggtggctttcatgttcgcctgcgtgggactcaccctggggctcctcgtggacggagaggctgacgagcccgcgcgggagccaggtccagatctcggcgcggcgggggcggagagcgaagacgagggcgcgcagttgggagctgtccatggtgtcgcggagatccaggtccgggggcagggttctgaggttgacctcgtagaggcgg
adenoviridae-human_mastadenovirus_d,CG,C,A,target_gPFS_group1_4,gaaattaatacgactcactatagggcactataggggctctagcgacttctttaaatagtggcttaaaataacaaatcccgccggcgaaccgagcactcgtgctgatgcttgtaaaagcgtccgcagtactcgcagcgctgcacgggctgtacctcatccacgagatacacagcgcgtcccttgaggaggaacttcaggagtggcggccctggctggtggctttcatgttcgcctgcgtgggactcaccctggggctcctcaaggacggagaggctgacgagcccgcgcgggagccaggtccagatctcggcgcggcgggggcggagagcgaagacgagggcgcgcagttgggagctgtccatggtgtcgcggagatccaggtccgggggcagggttctgaggttgacctcgtagaggcgg
adenoviridae-human_mastadenovirus_d,CG,C,C,target_gPFS_group1_5,gaaattaatacgactcactatagggcactataggggctctagcgacttctttaaatagtggcttaaaataacaaatcccgccggcgaaccgagcactcgtgctgatgcttgtaaaagcgtccgcagtactcgcagcgctgcacgggctgtacctcatccacgagatacacagcgcgtcccttgaggaggaacttcaggagtggcggccctggctggtggctttcatgttcgcctgcgtgggactcaccctggggctcctccaggacggagaggctgacgagcccgcgcgggagccaggtccagatctcggcgcggcgggggcggagagcgaagacgagggcgcgcagttgggagctgtccatggtgtcgcggagatccaggtccgggggcagggttctgaggttgacctcgtagaggcgg
adenoviridae-human_mastadenovirus_d,CG,C,T,target_gPFS_group1_6,gaaattaatacgactcactatagggcactataggggctctagcgacttctttaaatagtggcttaaaataacaaatcccgccggcgaaccgagcactcgtgctgatgcttgtaaaagcgtccgcagtactcgcagcgctgcacgggctgtacctcatccacgagatacacagcgcgtcccttgaggaggaacttcaggagtggcggccctggctggtggctttcatgttcgcctgcgtgggactcaccctggggctcctctaggacggagaggctgacgagcccgcgcgggagccaggtccagatctcggcgcggcgggggcggagagcgaagacgagggcgcgcagttgggagctgtccatggtgtcgcggagatccaggtccgggggcagggttctgaggttgacctcgtagaggcgg
hepadnaviridae_hepatitis_b_virus,GG,G,G,target_gPFS_group2_0,gaaattaatacgactcactatagggcactataggggctctagcgacttctttaaatagtggcttaaaataactgggggaggagattaggttaaaggtctttgtactaggaggctgtaggcataaattggtctgcgcaccagcaccatgcaactttttcacctctgcctaatcatctcttgttcatgtcctactgttcaagcctccaagctgtgccttgggtggctttggggcatggacatcgacccttataaagaatttggagctactgtggagttactctcgtttttgccttctgacttctttccttcagtacgagatcttctagataccgcctcagctctgtatcgggaagccttagagtctcctgagcattgttcacctcaccatactgcactcaggcaagcaattctttgctgggg
hepadnaviridae_hepatitis_b_virus,GG,G,G,target_gPFS_group2_1,gaaattaatacgactcactatagggcactataggggctctagcgacttctttaaatagtggcttaaaataactgggggaggagattaggttaaaggtctttgtactaggaggctgtaggcataaattggtctgcgcaccagcaccatgcaactttttcacctctgcctaatcatctcttgttcatgtcctactgttcaagcctccaagctgtgccttgggtggctttggggcatggacatcgacccttataaagaatttggcgctactgtggagttactctcgtttttgccttctgacttctttccttcagtacgagatcttctagataccgcctcagctctgtatcgggaagccttagagtctcctgagcattgttcacctcaccatactgcactcaggcaagcaattctttgctgggg
hepadnaviridae_hepatitis_b_virus,GG,G,G,target_gPFS_group2_2,gaaattaatacgactcactatagggcactataggggctctagcgacttctttaaatagtggcttaaaataactgggggaggagattaggttaaaggtctttgtactaggaggctgtaggcataaattggtctgcgcaccagcaccatgcaactttttcacctctgcctaatcatctcttgttcatgtcctactgttcaagcctccaagctgtgccttgggtggctttggggcatggacatcgacccttataaagaatttggggctactgtggagttactctcgtttttgccttctgacttctttccttcagtacgagatcttctagataccgcctcagctctgtatcgggaagccttagagtctcctgagcattgttcacctcaccatactgcactcaggcaagcaattctttgctgggg
hepadnaviridae_hepatitis_b_virus,GG,G,G,target_gPFS_group2_3,gaaattaatacgactcactatagggcactataggggctctagcgacttctttaaatagtggcttaaaataactgggggaggagattaggttaaaggtctttgtactaggaggctgtaggcataaattggtctgcgcaccagcaccatgcaactttttcacctctgcctaatcatctcttgttcatgtcctactgttcaagcctccaagctgtgccttgggtggctttggggcatggacatcgacccttataaagaatttggtgctactgtggagttactctcgtttttgccttctgacttctttccttcagtacgagatcttctagataccgcctcagctctgtatcgggaagccttagagtctcctgagcattgttcacctcaccatactgcactcaggcaagcaattctttgctgggg
hepadnaviridae_hepatitis_b_virus,GG,G,A,target_gPFS_group2_4,gaaattaatacgactcactatagggcactataggggctctagcgacttctttaaatagtggcttaaaataactgggggaggagattaggttaaaggtctttgtactaggaggctgtaggcataaattggtctgcgcaccagcaccatgcaactttttcacctctgcctaatcatctcttgttcatgtcctactgttcaagcctccaagctgtgccttgggtggctttggggcatggacatcgacccttataaagaatttgaagctactgtggagttactctcgtttttgccttctgacttctttccttcagtacgagatcttctagataccgcctcagctctgtatcgggaagccttagagtctcctgagcattgttcacctcaccatactgcactcaggcaagcaattctttgctgggg
hepadnaviridae_hepatitis_b_virus,GG,G,C,target_gPFS_group2_5,gaaattaatacgactcactatagggcactataggggctctagcgacttctttaaatagtggcttaaaataactgggggaggagattaggttaaaggtctttgtactaggaggctgtaggcataaattggtctgcgcaccagcaccatgcaactttttcacctctgcctaatcatctcttgttcatgtcctactgttcaagcctccaagctgtgccttgggtggctttggggcatggacatcgacccttataaagaatttgcagctactgtggagttactctcgtttttgccttctgacttctttccttcagtacgagatcttctagataccgcctcagctctgtatcgggaagccttagagtctcctgagcattgttcacctcaccatactgcactcaggcaagcaattctttgctgggg
hepadnaviridae_hepatitis_b_virus,GG,G,T,target_gPFS_group2_6,gaaattaatacgactcactatagggcactataggggctctagcgacttctttaaatagtggcttaaaataactgggggaggagattaggttaaaggtctttgtactaggaggctgtaggcataaattggtctgcgcaccagcaccatgcaactttttcacctctgcctaatcatctcttgttcatgtcctactgttcaagcctccaagctgtgccttgggtggctttggggcatggacatcgacccttataaagaatttgtagctactgtggagttactctcgtttttgccttctgacttctttccttcagtacgagatcttctagataccgcctcagctctgtatcgggaagccttagagtctcctgagcattgttcacctcaccatactgcactcaggcaagcaattctttgctgggg
filoviridae_zaire_ebolavirus,TG,T,G,target_gPFS_group3_0,gaaattaatacgactcactatagggcactataggggctctagcgacttctttaaatagtggcttaaaataactggtttaaagaccaaagagcaaggctacctaagcaagtcgaggttataaccatggatgcagagacaacagagaatataaacagatcgaaattgtacgaagctgtatataaattgatcttacaccatattgatcctagcgtattgaaagcagtggtccttaaagtctttctaagtgatactgagggtatgatatggctaaatgataatttagccccgttttttgccactggttatttaattaagccaataacgtcaagtgctagatctagtgagtggtatctttgtctgacgaacttcttatcaactacacgtaagatgccacaccaaaaccatctcagttgtaaacag
filoviridae_zaire_ebolavirus,TG,T,G,target_gPFS_group3_1,gaaattaatacgactcactatagggcactataggggctctagcgacttctttaaatagtggcttaaaataactggtttaaagaccaaagagcaaggctacctaagcaagtcgaggttataaccatggatgcagagacaacagagaatataaacagatcgaaattgtacgaagctgtatataaattgatcttacaccatattgatcctagcgtattgaaagcagtggtccttaaagtctttctaagtgatactgagggtatgctatggctaaatgataatttagccccgttttttgccactggttatttaattaagccaataacgtcaagtgctagatctagtgagtggtatctttgtctgacgaacttcttatcaactacacgtaagatgccacaccaaaaccatctcagttgtaaacag
filoviridae_zaire_ebolavirus,TG,T,G,target_gPFS_group3_2,gaaattaatacgactcactatagggcactataggggctctagcgacttctttaaatagtggcttaaaataactggtttaaagaccaaagagcaaggctacctaagcaagtcgaggttataaccatggatgcagagacaacagagaatataaacagatcgaaattgtacgaagctgtatataaattgatcttacaccatattgatcctagcgtattgaaagcagtggtccttaaagtctttctaagtgatactgagggtatggtatggctaaatgataatttagccccgttttttgccactggttatttaattaagccaataacgtcaagtgctagatctagtgagtggtatctttgtctgacgaacttcttatcaactacacgtaagatgccacaccaaaaccatctcagttgtaaacag
filoviridae_zaire_ebolavirus,TG,T,G,target_gPFS_group3_3,gaaattaatacgactcactatagggcactataggggctctagcgacttctttaaatagtggcttaaaataactggtttaaagaccaaagagcaaggctacctaagcaagtcgaggttataaccatggatgcagagacaacagagaatataaacagatcgaaattgtacgaagctgtatataaattgatcttacaccatattgatcctagcgtattgaaagcagtggtccttaaagtctttctaagtgatactgagggtatgttatggctaaatgataatttagccccgttttttgccactggttatttaattaagccaataacgtcaagtgctagatctagtgagtggtatctttgtctgacgaacttcttatcaactacacgtaagatgccacaccaaaaccatctcagttgtaaacag
filoviridae_zaire_ebolavirus,TG,T,A,target_gPFS_group3_4,gaaattaatacgactcactatagggcactataggggctctagcgacttctttaaatagtggcttaaaataactggtttaaagaccaaagagcaaggctacctaagcaagtcgaggttataaccatggatgcagagacaacagagaatataaacagatcgaaattgtacgaagctgtatataaattgatcttacaccatattgatcctagcgtattgaaagcagtggtccttaaagtctttctaagtgatactgagggtatattatggctaaatgataatttagccccgttttttgccactggttatttaattaagccaataacgtcaagtgctagatctagtgagtggtatctttgtctgacgaacttcttatcaactacacgtaagatgccacaccaaaaccatctcagttgtaaacag
filoviridae_zaire_ebolavirus,TG,T,C,target_gPFS_group3_5,gaaattaatacgactcactatagggcactataggggctctagcgacttctttaaatagtggcttaaaataactggtttaaagaccaaagagcaaggctacctaagcaagtcgaggttataaccatggatgcagagacaacagagaatataaacagatcgaaattgtacgaagctgtatataaattgatcttacaccatattgatcctagcgtattgaaagcagtggtccttaaagtctttctaagtgatactgagggtatcttatggctaaatgataatttagccccgttttttgccactggttatttaattaagccaataacgtcaagtgctagatctagtgagtggtatctttgtctgacgaacttcttatcaactacacgtaagatgccacaccaaaaccatctcagttgtaaacag
filoviridae_zaire_ebolavirus,TG,T,T,target_gPFS_group3_6,gaaattaatacgactcactatagggcactataggggctctagcgacttctttaaatagtggcttaaaataactggtttaaagaccaaagagcaaggctacctaagcaagtcgaggttataaccatggatgcagagacaacagagaatataaacagatcgaaattgtacgaagctgtatataaattgatcttacaccatattgatcctagcgtattgaaagcagtggtccttaaagtctttctaagtgatactgagggtattttatggctaaatgataatttagccccgttttttgccactggttatttaattaagccaataacgtcaagtgctagatctagtgagtggtatctttgtctgacgaacttcttatcaactacacgtaagatgccacaccaaaaccatctcagttgtaaacag